city,region,date,avg_temp,min_temp,max_temp,avg_humidity,total_precipitation,avg_wind_speed,moving_avg_7d,moving_avg_30d
Alexandria,Africa,2026-09-04,27.72,26.0,30.3,72.79,0.0,9.99,27.72,27.72
Alexandria,Africa,2026-09-05,27.75,26.3,30.1,63.88,0.0,10.95,27.74,27.74
Alexandria,Africa,2026-09-06,27.77,26.1,30.1,70.5,0.0,13.78,27.75,27.75
Alexandria,Africa,2026-09-07,27.95,26.4,30.2,71.33,0.0,12.25,27.8,27.8
Alexandria,Africa,2026-09-08,27.68,25.5,30.7,78.25,0.0,9.44,27.77,27.77
Alexandria,Africa,2026-09-09,26.94,25.3,29.7,71.38,0.0,9.97,27.64,27.64
Alexandria,Africa,2026-09-10,26.71,24.7,29.5,63.0,0.0,9.66,27.5,27.5
Alexandria,Africa,2026-09-11,26.48,24.6,29.1,68.67,0.0,9.16,27.33,27.38
Alexandria,Africa,2026-09-12,26.51,24.5,29.4,73.92,0.0,9.26,27.15,27.28
Alexandria,Africa,2026-09-13,27.41,25.1,30.2,71.75,0.0,9.56,27.1,27.29
Alexandria,Africa,2026-09-14,27.78,25.2,31.5,73.08,0.0,8.5,27.07,27.34
Alexandria,Africa,2026-09-15,27.6,24.0,31.9,70.0,0.0,7.95,27.06,27.36
Alexandria,Africa,2026-09-16,27.01,21.1,34.1,64.58,0.0,7.12,27.07,27.33
Alexandria,Africa,2026-09-17,26.91,23.2,31.2,70.29,0.0,13.84,27.1,27.3
Alexandria,Africa,2026-09-18,26.77,25.4,28.6,61.42,0.0,11.2,27.14,27.27
Alexandria,Africa,2026-09-19,26.32,22.7,29.3,59.5,0.0,8.34,27.11,27.21
Alexandria,Africa,2026-09-20,26.19,24.7,28.2,64.46,0.0,11.76,26.94,27.15
Alexandria,Africa,2026-09-21,26.55,24.6,29.0,60.04,0.0,8.08,26.76,27.11
Alexandria,Africa,2026-09-22,25.76,21.7,28.9,67.58,0.0,7.69,26.5,27.04
Alexandria,Africa,2026-09-23,26.38,22.3,29.0,69.88,0.0,6.8,26.41,27.01
Alexandria,Africa,2026-09-24,25.38,23.3,26.9,76.79,0.4,7.62,26.19,26.93
Alexandria,Africa,2026-09-25,24.8,22.7,27.4,56.38,0.0,10.64,25.91,26.84
Alexandria,Africa,2026-09-26,23.48,20.0,26.6,60.29,0.0,6.08,25.51,26.69
Alexandria,Africa,2026-09-27,25.05,18.8,31.7,62.5,0.0,11.29,25.34,26.62
Alexandria,Africa,2026-09-28,25.18,24.0,26.6,62.92,0.0,13.26,25.15,26.56
Alexandria,Africa,2026-09-29,24.83,23.1,27.4,62.42,0.0,10.95,25.01,26.5
Alexandria,Africa,2026-09-30,23.92,22.4,26.4,65.92,0.0,8.5,24.66,26.4
Alexandria,Africa,2026-10-01,23.43,20.7,27.2,70.96,0.3,7.54,24.38,26.3
Alexandria,Africa,2026-10-02,23.27,21.2,25.6,72.42,0.1,9.02,24.17,26.19
Alexandria,Africa,2026-10-03,23.09,20.7,26.1,69.92,0.0,9.51,24.11,26.09
Alexandria,Africa,2026-10-04,22.61,20.2,24.5,72.12,0.0,7.33,23.76,25.92
Alexandria,Africa,2026-10-05,21.93,19.6,24.7,78.25,0.1,5.41,23.3,25.72
Alexandria,Africa,2026-10-06,22.23,19.7,24.6,74.96,0.5,8.6,22.93,25.54
Bengaluru,Asia,2026-09-04,24.85,20.5,29.3,72.0,1.8,9.75,24.85,24.85
Bengaluru,Asia,2026-09-05,26.19,20.9,30.8,61.29,0.0,8.64,25.52,25.52
Bengaluru,Asia,2026-09-06,26.12,21.3,30.5,61.17,1.1,9.7,25.72,25.72
Bengaluru,Asia,2026-09-07,25.88,20.8,30.9,61.71,0.0,9.81,25.76,25.76
Bengaluru,Asia,2026-09-08,25.16,20.4,31.0,66.25,6.6,11.06,25.64,25.64
Bengaluru,Asia,2026-09-09,25.81,20.8,30.6,62.25,0.1,10.38,25.67,25.67
Bengaluru,Asia,2026-09-10,25.8,21.0,30.1,65.38,1.1,9.47,25.69,25.69
Bengaluru,Asia,2026-09-11,26.47,21.8,31.0,58.25,0.6,9.35,25.92,25.78
Bengaluru,Asia,2026-09-12,26.12,21.0,30.4,59.75,0.1,7.55,25.91,25.82
Bengaluru,Asia,2026-09-13,25.74,20.9,30.4,56.71,0.0,6.52,25.85,25.81
Bengaluru,Asia,2026-09-14,24.68,20.4,30.4,70.96,9.1,6.06,25.68,25.71
Bengaluru,Asia,2026-09-15,24.43,20.5,30.8,75.42,14.4,5.59,25.58,25.6
Bengaluru,Asia,2026-09-16,25.82,20.5,30.0,64.67,2.5,5.88,25.58,25.62
Bengaluru,Asia,2026-09-17,25.22,20.9,30.5,71.46,4.6,8.95,25.5,25.59
Bengaluru,Asia,2026-09-18,26.08,21.6,30.7,65.88,1.0,8.6,25.44,25.62
Bengaluru,Asia,2026-09-19,25.31,20.7,30.5,69.62,11.1,7.15,25.33,25.6
Bengaluru,Asia,2026-09-20,23.35,20.7,27.2,82.0,5.2,8.08,24.98,25.47
Bengaluru,Asia,2026-09-21,23.73,20.7,29.2,81.54,11.3,9.4,24.85,25.38
Bengaluru,Asia,2026-09-22,23.65,20.2,27.7,75.12,0.5,12.94,24.74,25.28
Bengaluru,Asia,2026-09-23,23.13,20.0,27.1,70.83,2.1,17.49,24.35,25.18
Bengaluru,Asia,2026-09-24,23.35,20.1,29.0,74.38,0.8,16.94,24.09,25.09
Bengaluru,Asia,2026-09-25,22.56,19.8,27.3,83.08,6.7,14.78,23.58,24.98
Bengaluru,Asia,2026-09-26,23.83,19.6,28.2,71.42,0.2,9.27,23.37,24.93
Bengaluru,Asia,2026-09-27,25.04,19.7,29.5,69.0,0.3,4.76,23.61,24.93
Bengaluru,Asia,2026-09-28,23.68,19.8,28.6,81.04,10.0,4.86,23.61,24.88
Bengaluru,Asia,2026-09-29,23.6,19.5,28.1,82.33,13.8,4.08,23.6,24.83
Bengaluru,Asia,2026-09-30,23.2,20.3,28.2,84.5,7.2,4.98,23.61,24.77
Bengaluru,Asia,2026-10-01,24.5,20.5,28.4,73.21,1.1,6.79,23.77,24.76
Bengaluru,Asia,2026-10-02,24.24,20.1,28.8,70.46,0.0,8.19,24.01,24.74
Bengaluru,Asia,2026-10-03,24.46,20.2,29.3,68.62,0.1,7.53,24.1,24.73
Bengaluru,Asia,2026-10-04,25.25,20.9,30.1,67.42,0.3,5.77,24.13,24.75
Bengaluru,Asia,2026-10-05,22.72,19.5,28.3,83.67,11.3,4.81,24.0,24.63
Bengaluru,Asia,2026-10-06,22.38,19.5,28.3,85.58,4.6,6.0,23.82,24.51
Brasília,South America,2026-09-04,23.42,20.0,27.7,66.75,4.8,6.97,23.42,23.42
Brasília,South America,2026-09-05,23.69,19.4,28.7,64.79,0.7,9.84,23.56,23.56
Brasília,South America,2026-09-06,21.68,18.0,26.7,78.54,24.1,7.07,22.93,22.93
Brasília,South America,2026-09-07,21.12,18.5,26.5,83.88,12.2,5.89,22.48,22.48
Brasília,South America,2026-09-08,21.29,18.4,25.4,80.38,1.8,10.34,22.24,22.24
Brasília,South America,2026-09-09,22.63,19.4,28.0,70.75,0.3,8.43,22.31,22.31
Brasília,South America,2026-09-10,24.62,20.1,30.1,57.71,0.0,9.39,22.64,22.64
Brasília,South America,2026-09-11,25.95,21.1,31.6,42.79,0.0,9.81,23.0,23.05
Brasília,South America,2026-09-12,26.84,21.1,32.5,34.08,0.0,6.69,23.45,23.47
Brasília,South America,2026-09-13,26.4,20.8,32.7,46.96,0.1,9.46,24.12,23.76
Brasília,South America,2026-09-14,26.62,20.0,33.0,42.88,0.0,8.55,24.91,24.02
Brasília,South America,2026-09-15,24.8,20.6,29.9,54.75,3.0,7.36,25.41,24.09
Brasília,South America,2026-09-16,23.66,18.6,29.5,67.17,0.5,7.42,25.56,24.06
Brasília,South America,2026-09-17,23.78,19.5,30.5,63.92,3.6,10.18,25.44,24.04
Brasília,South America,2026-09-18,24.88,20.0,30.1,48.33,0.1,14.2,25.28,24.09
Brasília,South America,2026-09-19,24.91,19.2,30.6,46.46,0.0,13.85,25.01,24.14
Brasília,South America,2026-09-20,25.11,19.7,30.9,47.46,0.0,11.48,24.82,24.2
Brasília,South America,2026-09-21,26.9,21.9,32.1,38.0,0.0,8.39,24.86,24.35
Brasília,South America,2026-09-22,27.05,20.2,32.9,36.29,0.0,9.38,25.18,24.49
Brasília,South America,2026-09-23,23.61,20.1,30.3,55.92,0.0,8.92,25.18,24.45
Brasília,South America,2026-09-24,24.83,19.9,31.6,53.96,0.5,6.44,25.33,24.47
Brasília,South America,2026-09-25,24.76,20.4,30.4,56.33,1.7,7.51,25.31,24.48
Brasília,South America,2026-09-26,25.65,19.8,31.2,55.67,3.9,6.97,25.42,24.53
Brasília,South America,2026-09-27,27.14,21.8,33.2,48.67,0.0,9.09,25.71,24.64
Brasília,South America,2026-09-28,28.08,22.7,33.7,34.92,0.0,7.72,25.87,24.78
Brasília,South America,2026-09-29,28.68,23.2,34.2,25.92,0.0,8.97,26.11,24.93
Brasília,South America,2026-09-30,28.05,21.9,32.7,37.5,0.2,6.04,26.74,25.04
Brasília,South America,2026-10-01,26.63,21.0,33.6,50.38,5.6,5.78,27.0,25.1
Brasília,South America,2026-10-02,22.96,19.8,27.0,67.0,1.1,12.68,26.74,25.03
Brasília,South America,2026-10-03,20.4,18.8,24.4,87.12,15.6,6.93,25.99,24.87
Brasília,South America,2026-10-04,22.49,19.3,27.6,76.83,2.0,8.2,25.33,24.84
Brasília,South America,2026-10-05,22.1,18.2,27.6,79.96,5.8,7.06,24.47,24.79
Brasília,South America,2026-10-06,22.84,18.3,27.3,76.58,3.9,4.94,23.64,24.83
Brisbane,Oceania,2026-09-04,20.97,14.5,30.8,77.71,0.0,5.61,20.97,20.97
Brisbane,Oceania,2026-09-05,21.22,17.4,26.5,79.42,0.0,5.27,21.1,21.1
Brisbane,Oceania,2026-09-06,23.01,14.8,33.2,58.42,0.0,9.79,21.73,21.73
Brisbane,Oceania,2026-09-07,18.78,14.4,24.7,78.92,1.2,5.45,21.0,21.0
Brisbane,Oceania,2026-09-08,17.25,11.7,23.7,73.25,0.5,9.08,20.25,20.25
Brisbane,Oceania,2026-09-09,18.45,14.7,24.4,75.29,1.9,7.17,19.95,19.95
Brisbane,Oceania,2026-09-10,16.51,12.1,21.3,68.75,0.0,12.24,19.46,19.46
Brisbane,Oceania,2026-09-11,17.02,13.2,21.4,72.54,0.9,10.35,18.89,19.15
Brisbane,Oceania,2026-09-12,16.11,11.8,20.5,80.67,1.0,7.67,18.16,18.81
Brisbane,Oceania,2026-09-13,16.81,11.2,22.7,68.58,0.0,7.47,17.28,18.61
Brisbane,Oceania,2026-09-14,16.96,10.9,22.7,75.88,0.0,5.56,17.02,18.46
Brisbane,Oceania,2026-09-15,18.23,12.3,24.7,75.96,0.0,7.15,17.16,18.44
Brisbane,Oceania,2026-09-16,17.73,11.6,24.0,62.21,2.2,10.71,17.05,18.39
Brisbane,Oceania,2026-09-17,16.92,11.5,23.0,62.62,0.0,9.28,17.11,18.28
Brisbane,Oceania,2026-09-18,17.3,10.4,23.7,70.58,0.0,5.91,17.15,18.22
Brisbane,Oceania,2026-09-19,20.24,14.1,29.7,70.25,0.0,6.18,17.74,18.34
Brisbane,Oceania,2026-09-20,20.27,13.1,29.0,72.83,0.0,5.51,18.24,18.46
Brisbane,Oceania,2026-09-21,21.45,14.4,30.4,70.79,0.0,6.63,18.88,18.62
Brisbane,Oceania,2026-09-22,20.87,16.1,27.7,73.38,0.3,10.16,19.25,18.74
Brisbane,Oceania,2026-09-23,20.3,16.7,24.1,73.79,1.4,9.07,19.62,18.82
Brisbane,Oceania,2026-09-24,19.43,14.9,24.1,72.12,1.1,9.4,19.98,18.85
Brisbane,Oceania,2026-09-25,19.19,15.2,23.8,71.12,1.2,7.51,20.25,18.86
Brisbane,Oceania,2026-09-26,18.1,11.7,23.7,72.75,0.2,7.55,19.94,18.83
Brisbane,Oceania,2026-09-27,20.13,15.8,25.9,74.88,0.0,5.08,19.92,18.89
Brisbane,Oceania,2026-09-28,18.67,15.8,24.8,77.21,5.3,11.75,19.53,18.88
Brisbane,Oceania,2026-09-29,16.72,11.1,21.9,65.21,0.0,8.92,18.93,18.79
Brisbane,Oceania,2026-09-30,17.15,11.3,22.4,71.92,0.0,6.6,18.48,18.73
Brisbane,Oceania,2026-10-01,17.52,11.0,23.2,71.5,0.0,6.68,18.21,18.69
Brisbane,Oceania,2026-10-02,18.44,12.2,24.3,69.88,0.0,6.57,18.1,18.68
Brisbane,Oceania,2026-10-03,20.25,15.4,25.2,69.17,0.0,7.07,18.41,18.73
Brisbane,Oceania,2026-10-04,21.4,16.9,26.4,71.42,0.0,9.07,18.59,18.75
Brisbane,Oceania,2026-10-05,22.22,18.0,28.2,74.96,0.0,9.48,19.1,18.78
Brisbane,Oceania,2026-10-06,22.62,17.4,29.5,76.92,1.1,6.08,19.94,18.77
Cairo,Africa,2026-09-04,30.05,23.6,37.1,56.08,0.0,6.69,30.05,30.05
Cairo,Africa,2026-09-05,29.16,23.3,36.2,59.04,0.0,8.0,29.6,29.6
Cairo,Africa,2026-09-06,28.97,22.6,36.3,60.96,0.0,8.02,29.39,29.39
Cairo,Africa,2026-09-07,29.76,23.8,38.2,59.46,0.0,8.5,29.48,29.48
Cairo,Africa,2026-09-08,29.82,23.2,37.5,60.21,0.0,6.36,29.55,29.55
Cairo,Africa,2026-09-09,29.12,23.8,35.8,63.33,0.0,7.37,29.48,29.48
Cairo,Africa,2026-09-10,27.7,22.4,33.6,58.96,0.0,7.6,29.23,29.23
Cairo,Africa,2026-09-11,27.52,21.0,34.0,60.29,0.0,7.9,28.86,29.01
Cairo,Africa,2026-09-12,28.11,22.2,34.8,61.92,0.0,8.02,28.71,28.91
Cairo,Africa,2026-09-13,28.81,22.8,36.9,60.0,0.0,8.7,28.69,28.9
Cairo,Africa,2026-09-14,29.3,22.0,37.8,58.25,0.0,8.83,28.63,28.94
Cairo,Africa,2026-09-15,29.32,23.3,37.0,61.58,0.0,10.78,28.55,28.97
Cairo,Africa,2026-09-16,29.76,22.1,37.0,54.79,0.0,7.61,28.65,29.03
Cairo,Africa,2026-09-17,30.94,23.7,39.0,45.83,0.0,8.35,29.11,29.17
Cairo,Africa,2026-09-18,28.21,23.8,33.6,54.71,0.0,8.03,29.21,29.1
Cairo,Africa,2026-09-19,26.96,22.1,31.9,54.88,0.0,7.2,29.04,28.97
Cairo,Africa,2026-09-20,26.48,20.7,32.3,59.83,0.0,6.88,28.71,28.82
Cairo,Africa,2026-09-21,26.9,22.1,32.2,60.88,0.0,6.87,28.37,28.72
Cairo,Africa,2026-09-22,27.02,21.5,32.6,59.88,0.0,5.27,28.04,28.63
Cairo,Africa,2026-09-23,27.37,21.3,33.2,58.96,0.0,6.3,27.7,28.56
Cairo,Africa,2026-09-24,27.32,22.4,32.7,64.21,0.0,8.37,27.18,28.5
Cairo,Africa,2026-09-25,26.08,21.4,31.6,60.58,0.0,9.19,26.88,28.39
Cairo,Africa,2026-09-26,24.49,19.0,30.0,54.92,0.0,6.84,26.52,28.22
Cairo,Africa,2026-09-27,27.66,20.7,33.8,48.25,0.0,4.67,26.69,28.2
Cairo,Africa,2026-09-28,26.79,22.7,31.9,53.88,0.0,8.18,26.68,28.14
Cairo,Africa,2026-09-29,25.54,21.2,30.9,56.88,0.0,6.52,26.46,28.04
Cairo,Africa,2026-09-30,24.75,19.9,30.4,56.04,0.0,6.49,26.09,27.92
Cairo,Africa,2026-10-01,25.08,19.2,29.9,53.04,0.0,5.1,25.77,27.82
Cairo,Africa,2026-10-02,26.06,21.5,30.9,50.38,0.0,5.58,25.77,27.76
Cairo,Africa,2026-10-03,24.95,19.4,30.4,48.04,0.0,5.46,25.83,27.67
Cairo,Africa,2026-10-04,24.22,18.4,30.0,49.88,0.0,5.31,25.34,27.47
Cairo,Africa,2026-10-05,24.02,18.5,29.0,59.62,0.0,6.01,24.95,27.3
Cairo,Africa,2026-10-06,24.2,19.8,28.9,57.79,0.0,6.64,24.75,27.14
Chicago,North America,2026-09-04,25.74,23.1,34.0,80.83,0.0,12.9,25.74,25.74
Chicago,North America,2026-09-05,23.91,21.9,30.9,90.67,1.8,10.76,24.82,24.82
Chicago,North America,2026-09-06,22.02,20.4,24.9,79.92,0.0,14.08,23.89,23.89
Chicago,North America,2026-09-07,21.26,17.9,24.9,71.62,0.0,12.59,23.23,23.23
Chicago,North America,2026-09-08,21.65,17.0,27.7,71.58,0.0,11.33,22.92,22.92
Chicago,North America,2026-09-09,23.05,21.2,25.8,76.62,0.4,9.73,22.94,22.94
Chicago,North America,2026-09-10,21.05,18.6,23.7,83.92,0.0,7.58,22.67,22.67
Chicago,North America,2026-09-11,19.95,15.8,24.8,70.88,0.0,10.8,21.84,22.33
Chicago,North America,2026-09-12,22.71,17.3,30.8,74.29,0.0,9.72,21.67,22.37
Chicago,North America,2026-09-13,19.67,15.4,26.7,76.46,0.7,9.82,21.33,22.1
Chicago,North America,2026-09-14,15.32,10.8,20.9,73.38,0.0,9.58,20.49,21.48
Chicago,North America,2026-09-15,20.77,17.1,28.9,67.08,0.0,12.96,20.36,21.42
Chicago,North America,2026-09-16,20.5,18.1,24.1,89.12,1.1,9.89,20.0,21.35
Chicago,North America,2026-09-17,20.01,18.4,23.6,95.88,134.2,8.85,19.85,21.26
Chicago,North America,2026-09-18,18.64,16.9,20.0,80.21,0.0,14.39,19.66,21.08
Chicago,North America,2026-09-19,18.42,16.9,20.8,85.67,1.6,12.78,19.05,20.92
Chicago,North America,2026-09-20,18.4,16.6,19.4,97.08,21.9,12.28,18.87,20.77
Chicago,North America,2026-09-21,15.99,14.7,17.6,80.46,0.4,24.17,18.96,20.5
Chicago,North America,2026-09-22,14.16,12.0,15.9,72.58,0.0,19.7,18.02,20.17
Chicago,North America,2026-09-23,15.09,13.7,17.2,70.96,0.0,17.45,17.24,19.92
Chicago,North America,2026-09-24,16.12,14.1,18.7,70.83,0.0,13.01,16.69,19.73
Chicago,North America,2026-09-25,15.32,13.8,16.8,80.88,0.0,8.27,16.21,19.53
Chicago,North America,2026-09-26,14.45,11.8,18.0,71.04,0.0,8.8,15.65,19.31
Chicago,North America,2026-09-27,15.08,11.1,20.5,72.92,0.0,8.42,15.17,19.14
Chicago,North America,2026-09-28,14.82,10.0,20.7,84.38,0.0,7.77,15.01,18.96
Chicago,North America,2026-09-29,16.75,11.7,23.6,80.38,0.0,5.91,15.38,18.88
Chicago,North America,2026-09-30,16.59,15.1,18.3,81.88,5.4,10.36,15.59,18.79
Chicago,North America,2026-10-01,18.26,16.7,21.6,91.38,5.9,9.66,15.9,18.78
Chicago,North America,2026-10-02,15.26,12.3,17.1,79.67,5.8,12.42,15.89,18.65
Chicago,North America,2026-10-03,13.83,10.7,18.4,68.79,0.0,10.73,15.8,18.49
Chicago,North America,2026-10-04,14.35,9.9,19.6,76.33,0.0,9.67,15.69,18.11
Chicago,North America,2026-10-05,12.2,8.8,15.2,73.54,0.0,9.58,15.32,17.72
Chicago,North America,2026-10-06,15.16,10.5,22.0,51.21,0.0,13.17,15.09,17.49
Delhi,Asia,2026-09-04,27.63,25.6,30.2,87.12,21.2,6.68,27.63,27.63
Delhi,Asia,2026-09-05,26.41,25.1,27.9,91.75,15.3,5.9,27.02,27.02
Delhi,Asia,2026-09-06,25.49,24.1,27.6,92.96,18.0,4.97,26.51,26.51
Delhi,Asia,2026-09-07,28.59,24.8,32.4,76.04,0.9,4.45,27.03,27.03
Delhi,Asia,2026-09-08,29.14,25.5,32.4,72.79,1.3,7.28,27.45,27.45
Delhi,Asia,2026-09-09,29.91,26.6,33.5,68.67,0.0,8.32,27.86,27.86
Delhi,Asia,2026-09-10,30.39,26.5,34.4,65.92,0.0,7.11,28.22,28.22
Delhi,Asia,2026-09-11,28.22,25.7,31.1,84.58,9.9,7.18,28.31,28.22
Delhi,Asia,2026-09-12,28.95,26.9,31.0,82.21,6.4,6.67,28.67,28.3
Delhi,Asia,2026-09-13,29.3,26.1,32.5,76.62,0.7,9.16,29.21,28.4
Delhi,Asia,2026-09-14,28.85,26.0,31.8,77.17,3.6,8.55,29.25,28.44
Delhi,Asia,2026-09-15,29.81,26.2,32.9,70.96,1.6,4.45,29.35,28.56
Delhi,Asia,2026-09-16,31.05,24.9,35.0,64.08,2.1,3.83,29.51,28.75
Delhi,Asia,2026-09-17,28.76,24.8,32.5,68.67,0.2,6.48,29.28,28.75
Delhi,Asia,2026-09-18,28.32,25.0,31.2,73.83,2.2,5.09,29.29,28.72
Delhi,Asia,2026-09-19,28.96,25.0,32.8,68.25,0.0,3.5,29.29,28.74
Delhi,Asia,2026-09-20,29.88,25.8,33.7,63.21,1.5,2.96,29.38,28.8
Delhi,Asia,2026-09-21,30.06,26.5,33.7,61.12,0.1,3.28,29.55,28.87
Delhi,Asia,2026-09-22,31.4,26.3,35.8,58.79,0.0,3.92,29.78,29.01
Delhi,Asia,2026-09-23,31.38,26.2,36.9,56.83,0.0,4.55,29.82,29.12
Delhi,Asia,2026-09-24,29.75,25.1,34.6,64.67,0.0,7.76,29.96,29.15
Delhi,Asia,2026-09-25,27.38,23.3,31.2,70.42,0.0,7.59,29.83,29.07
Delhi,Asia,2026-09-26,24.88,22.1,29.6,75.0,5.5,7.27,29.25,28.89
Delhi,Asia,2026-09-27,24.82,22.2,28.6,81.33,0.2,6.05,28.52,28.72
Delhi,Asia,2026-09-28,24.27,22.0,28.2,83.79,1.5,6.95,27.7,28.54
Delhi,Asia,2026-09-29,26.32,22.0,30.8,74.21,0.0,7.55,26.97,28.46
Delhi,Asia,2026-09-30,27.53,23.5,32.5,67.92,0.0,7.92,26.42,28.42
Delhi,Asia,2026-10-01,28.37,23.9,33.4,63.71,0.0,7.82,26.22,28.42
Delhi,Asia,2026-10-02,29.0,24.0,34.5,58.25,0.0,7.57,26.46,28.44
Delhi,Asia,2026-10-03,30.0,24.3,35.5,56.29,0.0,5.4,27.19,28.49
Delhi,Asia,2026-10-04,29.8,24.8,35.2,56.67,0.0,5.93,27.9,28.57
Delhi,Asia,2026-10-05,29.33,24.3,34.8,57.25,0.0,7.11,28.62,28.66
Delhi,Asia,2026-10-06,28.82,24.2,34.4,66.17,0.0,6.73,28.98,28.77
Edinburgh,Europe,2026-09-04,15.08,13.2,17.3,71.5,0.7,23.85,15.08,15.08
Edinburgh,Europe,2026-09-05,14.78,11.9,18.1,64.83,0.1,15.9,14.93,14.93
Edinburgh,Europe,2026-09-06,16.92,12.7,20.7,73.04,0.1,12.87,15.59,15.59
Edinburgh,Europe,2026-09-07,15.03,12.3,18.5,74.92,2.2,18.68,15.45,15.45
Edinburgh,Europe,2026-09-08,13.97,11.9,16.2,68.0,0.1,23.98,15.16,15.16
Edinburgh,Europe,2026-09-09,13.78,11.3,17.3,64.46,0.0,9.97,14.93,14.93
Edinburgh,Europe,2026-09-10,14.11,11.2,16.8,77.71,1.5,13.81,14.81,14.81
Edinburgh,Europe,2026-09-11,14.76,12.3,17.2,67.75,0.0,13.32,14.76,14.8
Edinburgh,Europe,2026-09-12,15.63,11.9,19.6,75.29,1.2,17.32,14.89,14.9
Edinburgh,Europe,2026-09-13,14.52,11.5,17.6,69.79,0.0,6.2,14.54,14.86
Edinburgh,Europe,2026-09-14,17.71,14.5,20.9,74.62,0.1,9.64,14.93,15.12
Edinburgh,Europe,2026-09-15,16.37,13.4,18.5,73.46,1.3,19.88,15.27,15.22
Edinburgh,Europe,2026-09-16,13.92,11.2,17.1,72.42,0.5,14.89,15.29,15.12
Edinburgh,Europe,2026-09-17,12.83,11.7,14.5,77.0,1.2,20.97,15.11,14.96
Edinburgh,Europe,2026-09-18,14.02,11.5,16.5,76.71,0.2,21.03,15.0,14.9
Edinburgh,Europe,2026-09-19,13.75,12.0,15.8,71.29,0.7,24.36,14.73,14.82
Edinburgh,Europe,2026-09-20,13.45,10.8,16.7,66.25,0.0,21.02,14.58,14.74
Edinburgh,Europe,2026-09-21,15.81,10.8,20.1,77.96,0.0,8.98,14.31,14.8
Edinburgh,Europe,2026-09-22,18.35,15.7,21.4,76.54,0.9,10.4,14.59,14.99
Edinburgh,Europe,2026-09-23,14.06,10.9,16.7,72.71,21.8,11.25,14.61,14.94
Edinburgh,Europe,2026-09-24,13.05,8.1,17.2,75.29,0.5,10.28,14.64,14.85
Edinburgh,Europe,2026-09-25,13.49,11.9,16.0,71.29,1.0,16.4,14.57,14.79
Edinburgh,Europe,2026-09-26,14.42,12.5,17.5,69.62,0.1,16.73,14.66,14.77
Edinburgh,Europe,2026-09-27,12.54,10.3,13.9,81.79,4.0,11.3,14.53,14.68
Edinburgh,Europe,2026-09-28,12.08,8.5,16.3,67.92,0.0,11.06,14.0,14.58
Edinburgh,Europe,2026-09-29,12.95,7.5,17.4,80.21,0.0,14.24,13.23,14.51
Edinburgh,Europe,2026-09-30,17.33,14.7,19.4,71.83,0.6,12.97,13.69,14.62
Edinburgh,Europe,2026-10-01,13.94,11.6,17.0,65.08,0.0,11.48,13.82,14.59
Edinburgh,Europe,2026-10-02,14.72,11.5,18.5,74.67,1.7,15.02,14.0,14.6
Edinburgh,Europe,2026-10-03,12.25,9.3,15.2,71.17,0.0,14.18,13.69,14.52
Edinburgh,Europe,2026-10-04,15.06,11.8,17.6,75.71,0.0,19.37,14.05,14.52
Edinburgh,Europe,2026-10-05,15.18,11.6,17.1,76.25,0.2,23.03,14.49,14.53
Edinburgh,Europe,2026-10-06,11.68,9.8,12.9,66.92,0.5,9.63,14.31,14.36
London,Europe,2026-09-04,19.62,15.7,20.9,68.75,0.8,17.85,19.62,19.62
London,Europe,2026-09-05,18.15,12.9,23.0,57.58,0.0,9.08,18.88,18.88
London,Europe,2026-09-06,20.94,15.8,26.7,53.42,0.0,10.04,19.57,19.57
London,Europe,2026-09-07,20.85,17.9,24.2,61.88,0.1,11.88,19.89,19.89
London,Europe,2026-09-08,15.54,14.2,18.4,80.17,20.4,11.2,19.02,19.02
London,Europe,2026-09-09,15.95,12.0,19.4,61.17,0.0,9.32,18.51,18.51
London,Europe,2026-09-10,17.31,14.0,20.3,61.83,0.4,11.28,18.34,18.34
London,Europe,2026-09-11,18.85,16.2,21.6,68.92,0.9,7.72,18.23,18.4
London,Europe,2026-09-12,18.54,13.3,23.7,69.33,0.1,14.35,18.28,18.42
London,Europe,2026-09-13,20.17,18.4,22.7,84.5,2.8,10.75,18.17,18.59
London,Europe,2026-09-14,20.74,18.2,24.7,81.42,0.0,11.52,18.16,18.79
London,Europe,2026-09-15,19.27,16.3,22.4,65.67,0.0,14.19,18.69,18.83
London,Europe,2026-09-16,16.73,13.6,19.9,62.12,0.0,11.02,18.8,18.67
London,Europe,2026-09-17,16.77,13.9,20.8,64.0,1.4,14.78,18.72,18.53
London,Europe,2026-09-18,15.98,11.7,20.0,67.71,0.6,14.72,18.31,18.36
London,Europe,2026-09-19,19.42,17.1,22.1,74.04,0.0,17.49,18.44,18.43
London,Europe,2026-09-20,17.9,14.4,20.4,57.12,0.0,10.09,18.12,18.4
London,Europe,2026-09-21,17.5,11.5,23.3,51.5,0.0,3.92,17.65,18.35
London,Europe,2026-09-22,20.57,16.0,25.2,60.38,0.0,4.63,17.84,18.46
London,Europe,2026-09-23,19.33,15.1,23.2,62.46,0.0,10.0,18.21,18.51
London,Europe,2026-09-24,16.73,12.9,21.6,66.42,0.0,7.41,18.2,18.42
London,Europe,2026-09-25,18.25,13.8,23.8,69.25,0.0,5.23,18.53,18.41
London,Europe,2026-09-26,17.28,12.9,21.2,49.54,0.0,6.24,18.22,18.36
London,Europe,2026-09-27,17.69,14.2,21.6,72.08,0.2,11.77,18.19,18.34
London,Europe,2026-09-28,16.76,14.0,19.5,70.25,0.0,8.9,18.09,18.27
London,Europe,2026-09-29,20.78,16.4,25.4,75.79,0.1,11.55,18.12,18.37
London,Europe,2026-09-30,21.44,18.3,23.7,62.54,0.5,12.63,18.42,18.48
London,Europe,2026-10-01,17.03,14.0,20.8,67.17,0.1,10.18,18.46,18.43
London,Europe,2026-10-02,16.57,12.7,20.8,65.71,0.0,10.1,18.22,18.37
London,Europe,2026-10-03,16.18,12.7,19.7,77.62,0.0,4.89,18.06,18.29
London,Europe,2026-10-04,16.97,12.3,21.5,71.71,0.0,5.91,17.96,18.21
London,Europe,2026-10-05,17.74,14.2,21.8,73.67,0.0,8.83,18.1,18.19
London,Europe,2026-10-06,16.6,13.7,19.0,76.5,0.0,4.27,17.5,18.05
Los Angeles,North America,2026-09-04,22.17,18.1,29.2,70.67,0.0,6.92,22.17,22.17
Los Angeles,North America,2026-09-05,23.09,16.5,33.1,67.12,0.0,7.08,22.63,22.63
Los Angeles,North America,2026-09-06,23.0,18.6,29.9,65.38,7.6,6.17,22.75,22.75
Los Angeles,North America,2026-09-07,24.71,22.0,32.2,81.58,0.4,6.75,23.24,23.24
Los Angeles,North America,2026-09-08,26.9,22.6,33.0,58.92,0.0,8.33,23.97,23.97
Los Angeles,North America,2026-09-09,29.65,23.5,42.5,50.04,0.0,9.84,24.92,24.92
Los Angeles,North America,2026-09-10,30.64,24.5,38.0,50.25,0.0,7.03,25.74,25.74
Los Angeles,North America,2026-09-11,28.04,23.2,34.7,63.29,0.0,7.02,26.58,26.02
Los Angeles,North America,2026-09-12,25.85,21.5,32.0,74.04,0.0,6.8,26.97,26.01
Los Angeles,North America,2026-09-13,23.9,20.8,29.3,78.12,0.0,6.27,27.1,25.8
Los Angeles,North America,2026-09-14,23.05,19.6,29.7,79.21,0.0,6.88,26.86,25.55
Los Angeles,North America,2026-09-15,23.02,19.7,28.0,70.46,0.0,8.66,26.31,25.33
Los Angeles,North America,2026-09-16,22.82,19.5,27.9,66.88,0.0,8.28,25.33,25.14
Los Angeles,North America,2026-09-17,22.16,19.6,26.9,69.83,0.0,7.83,24.12,24.93
Los Angeles,North America,2026-09-18,21.16,16.7,26.9,71.17,0.0,7.52,23.14,24.68
Los Angeles,North America,2026-09-19,21.62,17.3,27.7,71.04,0.0,6.21,22.53,24.49
Los Angeles,North America,2026-09-20,21.95,18.5,27.8,75.67,0.0,5.86,22.25,24.34
Los Angeles,North America,2026-09-21,21.42,18.6,26.2,72.71,0.0,7.23,22.02,24.17
Los Angeles,North America,2026-09-22,21.9,18.9,27.6,68.79,0.0,6.78,21.86,24.06
Los Angeles,North America,2026-09-23,22.15,16.8,31.4,75.5,0.0,6.81,21.77,23.96
Los Angeles,North America,2026-09-24,23.21,20.6,30.6,80.67,0.0,6.21,21.92,23.92
Los Angeles,North America,2026-09-25,22.75,19.0,29.7,81.42,0.0,6.75,22.14,23.87
Los Angeles,North America,2026-09-26,23.35,17.9,33.6,75.62,0.0,6.64,22.39,23.85
Los Angeles,North America,2026-09-27,24.99,20.5,32.4,70.29,0.0,5.44,22.82,23.9
Los Angeles,North America,2026-09-28,23.45,19.3,28.8,68.42,0.0,7.85,23.11,23.88
Los Angeles,North America,2026-09-29,21.68,15.9,30.2,68.75,0.0,7.62,23.08,23.79
Los Angeles,North America,2026-09-30,23.25,17.8,30.7,68.54,0.0,8.43,23.24,23.77
Los Angeles,North America,2026-10-01,22.89,17.6,29.6,77.17,0.0,6.2,23.19,23.74
Los Angeles,North America,2026-10-02,25.52,17.7,40.1,65.5,0.0,6.7,23.59,23.8
Los Angeles,North America,2026-10-03,30.48,23.9,40.3,33.96,0.0,8.63,24.61,24.03
Los Angeles,North America,2026-10-04,30.89,24.6,38.8,29.58,0.0,10.1,25.45,24.32
Los Angeles,North America,2026-10-05,29.91,23.6,39.8,31.5,0.0,7.93,26.37,24.54
Los Angeles,North America,2026-10-06,31.99,28.4,36.3,27.17,0.0,7.88,27.85,24.84
Luxor,Africa,2026-09-04,32.98,25.3,39.5,23.25,0.0,9.01,32.98,32.98
Luxor,Africa,2026-09-05,33.32,25.6,39.5,21.38,0.0,12.57,33.15,33.15
Luxor,Africa,2026-09-06,33.25,26.8,39.5,21.62,0.0,14.9,33.18,33.18
Luxor,Africa,2026-09-07,32.95,25.1,39.9,21.12,0.0,6.34,33.12,33.12
Luxor,Africa,2026-09-08,33.57,23.8,41.0,20.0,0.0,6.71,33.21,33.21
Luxor,Africa,2026-09-09,34.47,26.6,41.2,18.83,0.0,7.22,33.42,33.42
Luxor,Africa,2026-09-10,34.22,27.0,41.0,20.92,0.0,9.85,33.54,33.54
Luxor,Africa,2026-09-11,33.99,26.8,40.6,21.08,0.0,9.33,33.68,33.59
Luxor,Africa,2026-09-12,33.85,26.6,40.9,20.88,0.0,8.0,33.76,33.62
Luxor,Africa,2026-09-13,35.07,26.8,42.4,18.75,0.0,6.78,34.02,33.77
Luxor,Africa,2026-09-14,36.27,26.2,44.5,16.71,0.0,4.34,34.49,33.99
Luxor,Africa,2026-09-15,37.66,28.9,45.9,14.17,0.0,6.86,35.08,34.3
Luxor,Africa,2026-09-16,36.47,28.0,44.4,16.67,0.0,8.33,35.36,34.47
Luxor,Africa,2026-09-17,35.86,26.8,43.8,16.25,0.0,8.3,35.6,34.57
Luxor,Africa,2026-09-18,33.88,28.1,39.9,22.96,0.0,10.58,35.58,34.52
Luxor,Africa,2026-09-19,31.98,23.8,38.4,28.54,0.0,10.4,35.31,34.36
Luxor,Africa,2026-09-20,31.08,24.5,37.5,27.38,0.0,10.8,34.74,34.17
Luxor,Africa,2026-09-21,30.68,23.1,38.1,29.21,0.0,10.54,33.94,33.97
Luxor,Africa,2026-09-22,31.81,23.6,38.6,30.46,0.0,10.65,33.11,33.86
Luxor,Africa,2026-09-23,32.53,25.1,39.5,26.17,0.0,9.63,32.55,33.79
Luxor,Africa,2026-09-24,32.38,25.2,38.7,26.62,0.0,12.65,32.05,33.73
Luxor,Africa,2026-09-25,32.25,25.1,38.5,29.67,0.0,11.29,31.82,33.66
Luxor,Africa,2026-09-26,31.52,24.4,38.0,32.5,0.0,9.15,31.75,33.57
Luxor,Africa,2026-09-27,33.17,24.0,40.3,24.04,0.0,6.78,32.05,33.55
Luxor,Africa,2026-09-28,34.18,26.8,41.1,26.38,0.0,9.72,32.55,33.58
Luxor,Africa,2026-09-29,32.3,25.5,39.6,24.96,0.0,12.28,32.62,33.53
Luxor,Africa,2026-09-30,31.19,24.4,38.4,27.75,0.0,10.62,32.43,33.44
Luxor,Africa,2026-10-01,29.51,22.3,35.6,26.62,0.0,8.99,32.02,33.3
Luxor,Africa,2026-10-02,30.35,23.4,35.9,27.25,0.0,7.68,31.75,33.2
Luxor,Africa,2026-10-03,30.72,24.8,36.3,30.46,0.5,7.71,31.63,33.12
Luxor,Africa,2026-10-04,29.54,24.1,35.1,24.54,0.0,12.61,31.11,33.0
Luxor,Africa,2026-10-05,28.37,21.4,35.1,25.29,0.0,10.93,30.28,32.84
Luxor,Africa,2026-10-06,27.63,23.1,33.4,28.33,0.0,13.12,29.62,32.65
Manchester,Europe,2026-09-04,16.12,14.7,17.9,78.88,20.0,17.89,16.12,16.12
Manchester,Europe,2026-09-05,15.79,13.7,18.4,68.54,0.4,11.1,15.96,15.96
Manchester,Europe,2026-09-06,17.76,13.3,22.7,68.29,0.3,9.5,16.56,16.56
Manchester,Europe,2026-09-07,17.47,14.4,20.2,73.0,4.4,13.05,16.78,16.78
Manchester,Europe,2026-09-08,13.99,12.4,16.0,79.79,6.7,13.82,16.23,16.23
Manchester,Europe,2026-09-09,13.94,11.0,16.5,73.12,0.8,8.3,15.84,15.84
Manchester,Europe,2026-09-10,13.65,9.5,17.5,80.58,1.5,11.13,15.53,15.53
Manchester,Europe,2026-09-11,15.94,14.2,18.1,72.92,0.6,8.28,15.51,15.58
Manchester,Europe,2026-09-12,16.46,11.7,20.9,80.29,0.8,12.0,15.6,15.68
Manchester,Europe,2026-09-13,18.77,16.5,21.1,76.67,0.2,5.3,15.75,15.99
Manchester,Europe,2026-09-14,20.23,17.0,24.6,73.54,0.0,11.21,16.14,16.37
Manchester,Europe,2026-09-15,16.4,14.1,18.7,79.67,5.8,15.19,16.48,16.38
Manchester,Europe,2026-09-16,13.91,12.8,15.4,80.79,3.6,12.25,16.48,16.19
Manchester,Europe,2026-09-17,13.98,12.8,15.5,77.62,4.3,14.51,16.53,16.03
Manchester,Europe,2026-09-18,13.93,12.3,16.2,83.0,6.3,14.71,16.24,15.89
Manchester,Europe,2026-09-19,16.93,15.1,19.0,74.12,0.4,16.88,16.31,15.95
Manchester,Europe,2026-09-20,14.87,13.3,17.3,61.08,0.0,13.18,15.75,15.89
Manchester,Europe,2026-09-21,15.56,12.5,18.4,73.25,0.0,3.97,15.08,15.87
Manchester,Europe,2026-09-22,17.71,13.8,22.6,83.38,0.0,4.76,15.27,15.97
Manchester,Europe,2026-09-23,15.7,11.7,17.3,75.54,0.2,9.46,15.53,15.96
Manchester,Europe,2026-09-24,14.65,9.8,19.0,70.54,0.0,7.98,15.62,15.89
Manchester,Europe,2026-09-25,14.21,11.8,15.9,77.83,0.3,6.8,15.66,15.82
Manchester,Europe,2026-09-26,14.5,9.5,19.4,72.29,0.0,7.86,15.31,15.76
Manchester,Europe,2026-09-27,14.57,11.9,19.5,77.96,1.5,12.32,15.27,15.71
Manchester,Europe,2026-09-28,13.55,9.2,18.0,67.21,0.0,5.07,14.98,15.62
Manchester,Europe,2026-09-29,17.26,12.7,21.4,75.25,0.0,14.55,14.92,15.69
Manchester,Europe,2026-09-30,18.42,15.3,21.0,71.83,3.7,12.57,15.31,15.79
Manchester,Europe,2026-10-01,15.04,12.5,18.0,71.62,6.0,9.48,15.36,15.76
Manchester,Europe,2026-10-02,16.05,13.5,18.9,73.75,0.3,15.01,15.63,15.77
Manchester,Europe,2026-10-03,13.76,10.1,16.4,70.54,0.1,7.2,15.52,15.7
Manchester,Europe,2026-10-04,12.76,7.1,18.0,77.96,0.0,6.52,15.26,15.59
Manchester,Europe,2026-10-05,16.22,15.3,18.1,90.38,4.1,10.81,15.64,15.61
Manchester,Europe,2026-10-06,15.21,11.5,17.1,87.62,3.65,7.1,15.35,15.52
Melbourne,Oceania,2026-09-04,14.55,13.0,17.6,72.54,13.5,19.2,14.55,14.55
Melbourne,Oceania,2026-09-05,13.45,10.9,17.7,71.88,2.8,18.01,14.0,14.0
Melbourne,Oceania,2026-09-06,13.2,11.0,16.5,77.75,0.4,7.7,13.73,13.73
Melbourne,Oceania,2026-09-07,10.53,5.9,13.5,74.38,0.3,10.32,12.93,12.93
Melbourne,Oceania,2026-09-08,11.91,9.8,15.1,71.12,0.5,10.04,12.73,12.73
Melbourne,Oceania,2026-09-09,11.12,8.0,12.8,67.42,0.3,16.08,12.46,12.46
Melbourne,Oceania,2026-09-10,10.58,6.1,14.3,82.0,0.0,6.0,12.19,12.19
Melbourne,Oceania,2026-09-11,10.8,5.6,15.2,82.38,0.0,3.87,11.66,12.02
Melbourne,Oceania,2026-09-12,16.81,13.5,21.6,62.71,0.0,12.3,12.14,12.55
Melbourne,Oceania,2026-09-13,19.1,15.5,23.6,63.62,0.0,14.25,12.98,13.21
Melbourne,Oceania,2026-09-14,14.79,10.8,18.7,72.25,0.4,9.52,13.59,13.35
Melbourne,Oceania,2026-09-15,11.23,9.5,14.3,54.96,1.0,20.56,13.49,13.17
Melbourne,Oceania,2026-09-16,10.78,8.5,12.6,66.58,0.3,13.46,13.44,12.99
Melbourne,Oceania,2026-09-17,10.53,5.3,14.6,70.42,0.0,6.42,13.43,12.81
Melbourne,Oceania,2026-09-18,17.42,14.2,22.8,49.83,0.0,15.3,14.38,13.12
Melbourne,Oceania,2026-09-19,20.05,14.7,26.8,41.46,0.0,14.6,14.84,13.55
Melbourne,Oceania,2026-09-20,18.96,10.7,28.1,50.5,0.6,20.23,14.82,13.87
Melbourne,Oceania,2026-09-21,10.8,6.5,13.9,56.25,0.1,12.29,14.25,13.7
Melbourne,Oceania,2026-09-22,10.99,5.4,15.5,66.92,0.0,7.56,14.22,13.56
Melbourne,Oceania,2026-09-23,14.35,10.0,18.6,63.75,0.0,5.78,14.73,13.6
Melbourne,Oceania,2026-09-24,21.37,17.5,25.5,55.29,2.1,10.44,16.28,13.97
Melbourne,Oceania,2026-09-25,17.29,12.9,23.2,75.79,5.7,7.59,16.26,14.12
Melbourne,Oceania,2026-09-26,11.25,8.6,13.3,73.17,3.4,15.48,15.0,13.99
Melbourne,Oceania,2026-09-27,10.74,5.1,15.8,76.25,0.0,11.34,13.83,13.86
Melbourne,Oceania,2026-09-28,12.66,8.8,16.2,74.96,0.0,7.3,14.09,13.81
Melbourne,Oceania,2026-09-29,19.28,17.3,22.7,49.25,0.0,21.94,15.28,14.02
Melbourne,Oceania,2026-09-30,21.45,18.9,23.9,55.79,2.3,17.51,16.29,14.3
Melbourne,Oceania,2026-10-01,14.19,12.1,21.1,90.75,34.9,8.3,15.27,14.29
Melbourne,Oceania,2026-10-02,14.06,12.4,16.3,87.08,14.7,14.08,14.8,14.28
Melbourne,Oceania,2026-10-03,13.06,10.7,16.4,88.17,5.0,12.8,15.06,14.24
Melbourne,Oceania,2026-10-04,11.94,9.4,14.8,79.17,0.0,5.81,15.23,14.16
Melbourne,Oceania,2026-10-05,13.6,9.7,16.7,78.25,0.0,5.78,15.37,14.16
Melbourne,Oceania,2026-10-06,12.52,9.6,16.9,63.21,0.9,16.83,14.4,14.14
Mumbai,Asia,2026-09-04,26.86,24.8,29.6,84.54,8.9,7.61,26.86,26.86
Mumbai,Asia,2026-09-05,26.31,25.0,28.5,87.62,16.5,6.85,26.58,26.58
Mumbai,Asia,2026-09-06,26.68,24.7,28.9,85.21,5.3,7.33,26.62,26.62
Mumbai,Asia,2026-09-07,26.76,24.5,29.0,83.67,8.3,7.56,26.65,26.65
Mumbai,Asia,2026-09-08,26.89,24.8,29.3,83.5,6.0,7.66,26.7,26.7
Mumbai,Asia,2026-09-09,27.34,25.7,29.1,82.0,3.1,6.82,26.81,26.81
Mumbai,Asia,2026-09-10,27.11,25.2,29.1,82.79,3.0,5.6,26.85,26.85
Mumbai,Asia,2026-09-11,27.49,25.5,29.7,81.38,1.3,6.84,26.94,26.93
Mumbai,Asia,2026-09-12,27.71,25.4,30.0,79.62,6.4,8.41,27.14,27.02
Mumbai,Asia,2026-09-13,25.92,24.9,27.3,88.12,24.7,8.97,27.03,26.91
Mumbai,Asia,2026-09-14,26.58,24.2,28.8,83.42,10.9,11.84,27.01,26.88
Mumbai,Asia,2026-09-15,26.86,24.9,30.0,82.88,6.9,13.78,27.0,26.88
Mumbai,Asia,2026-09-16,27.68,25.7,29.8,82.25,2.8,7.74,27.05,26.94
Mumbai,Asia,2026-09-17,27.98,25.9,29.9,80.12,2.5,9.26,27.17,27.01
Mumbai,Asia,2026-09-18,27.2,24.6,29.2,84.25,10.3,6.77,27.13,27.02
Mumbai,Asia,2026-09-19,27.49,24.7,30.3,82.88,6.4,6.63,27.1,27.05
Mumbai,Asia,2026-09-20,27.78,25.3,30.4,82.79,1.1,6.14,27.37,27.1
Mumbai,Asia,2026-09-21,27.93,25.9,30.6,83.96,3.8,5.02,27.56,27.14
Mumbai,Asia,2026-09-22,27.95,25.4,29.9,83.62,14.6,4.5,27.72,27.19
Mumbai,Asia,2026-09-23,27.62,23.7,30.6,84.83,3.8,7.63,27.71,27.21
Mumbai,Asia,2026-09-24,28.06,24.4,30.7,85.71,3.9,8.85,27.72,27.25
Mumbai,Asia,2026-09-25,27.93,25.0,30.1,80.75,2.3,10.16,27.82,27.28
Mumbai,Asia,2026-09-26,28.26,26.1,30.5,75.92,0.9,8.96,27.93,27.32
Mumbai,Asia,2026-09-27,28.83,26.3,31.8,70.46,0.2,5.0,28.08,27.38
Mumbai,Asia,2026-09-28,28.08,25.8,31.8,74.79,5.3,5.75,28.1,27.41
Mumbai,Asia,2026-09-29,28.95,25.9,32.8,73.29,3.3,7.72,28.25,27.47
Mumbai,Asia,2026-09-30,28.95,26.0,33.8,71.83,0.4,3.58,28.44,27.53
Mumbai,Asia,2026-10-01,30.29,25.4,34.9,70.12,0.5,6.6,28.76,27.62
Mumbai,Asia,2026-10-02,31.61,26.7,36.6,55.79,2.5,7.29,29.28,27.76
Mumbai,Asia,2026-10-03,31.17,25.6,36.9,52.17,0.0,6.86,29.7,27.88
Mumbai,Asia,2026-10-04,30.04,25.5,35.0,53.0,0.1,8.0,29.87,27.98
Mumbai,Asia,2026-10-05,29.05,25.7,33.3,71.5,0.0,8.43,30.01,28.07
Mumbai,Asia,2026-10-06,28.71,24.9,32.3,73.33,0.0,8.91,29.97,28.14
New York,North America,2026-09-04,26.28,22.9,30.3,70.25,9.0,12.55,26.28,26.28
New York,North America,2026-09-05,23.32,19.8,26.6,62.96,0.0,9.52,24.8,24.8
New York,North America,2026-09-06,20.35,18.3,22.8,79.54,1.1,7.97,23.32,23.32
New York,North America,2026-09-07,20.6,15.0,27.3,62.54,0.0,7.12,22.64,22.64
New York,North America,2026-09-08,21.88,16.2,28.1,56.5,0.0,7.13,22.49,22.49
New York,North America,2026-09-09,23.34,18.8,29.3,72.08,0.0,8.81,22.63,22.63
New York,North America,2026-09-10,25.57,21.6,31.4,67.25,0.0,15.55,23.05,23.05
New York,North America,2026-09-11,24.08,20.1,27.8,54.25,0.0,8.88,22.73,23.18
New York,North America,2026-09-12,21.31,16.7,26.3,67.38,0.0,8.51,22.45,22.97
New York,North America,2026-09-13,22.17,20.4,26.5,85.58,7.3,6.44,22.71,22.89
New York,North America,2026-09-14,22.89,20.1,25.4,62.46,0.0,14.37,23.03,22.89
New York,North America,2026-09-15,18.32,12.6,23.0,56.12,0.0,8.63,22.53,22.51
New York,North America,2026-09-16,19.8,15.8,26.1,71.42,0.0,8.62,22.02,22.3
New York,North America,2026-09-17,23.99,20.8,28.4,78.12,0.0,8.12,21.79,22.42
New York,North America,2026-09-18,25.05,22.6,28.7,71.88,0.0,9.68,21.93,22.6
New York,North America,2026-09-19,20.16,17.3,24.6,56.04,0.0,11.85,21.77,22.44
New York,North America,2026-09-20,18.67,17.6,20.7,80.5,4.8,9.36,21.27,22.22
New York,North America,2026-09-21,19.22,16.1,22.3,77.42,2.2,12.97,20.74,22.06
New York,North America,2026-09-22,16.71,13.9,19.4,71.88,0.0,14.28,20.51,21.77
New York,North America,2026-09-23,15.95,12.1,20.2,63.46,0.0,19.8,19.96,21.48
New York,North America,2026-09-24,14.73,11.1,19.2,64.5,0.0,18.14,18.64,21.16
New York,North America,2026-09-25,16.57,12.2,21.7,47.79,0.0,21.74,17.43,20.95
New York,North America,2026-09-26,14.55,12.9,19.8,75.08,16.7,26.52,16.63,20.67
New York,North America,2026-09-27,15.24,13.7,17.4,89.96,27.0,25.26,16.14,20.45
New York,North America,2026-09-28,15.34,14.4,16.6,91.71,11.9,16.2,15.58,20.24
New York,North America,2026-09-29,17.25,14.8,20.9,83.33,0.0,6.92,15.66,20.13
New York,North America,2026-09-30,18.76,15.9,23.2,78.42,0.0,6.38,16.06,20.08
New York,North America,2026-10-01,20.11,17.3,24.8,83.75,0.0,7.09,16.83,20.08
New York,North America,2026-10-02,23.28,18.5,30.0,75.12,15.1,11.6,17.79,20.19
New York,North America,2026-10-03,19.78,14.9,22.8,58.38,0.0,13.42,18.54,20.18
New York,North America,2026-10-04,14.9,13.6,17.3,82.08,5.8,9.31,18.49,19.8
New York,North America,2026-10-05,14.85,11.1,19.5,72.12,0.0,12.58,18.42,19.51
New York,North America,2026-10-06,13.28,9.8,17.9,43.29,0.0,15.95,17.85,19.28
Osaka,Asia,2026-09-04,22.83,21.7,23.9,92.58,16.8,4.4,22.83,22.83
Osaka,Asia,2026-09-05,25.82,23.6,29.5,71.96,0.0,7.11,24.32,24.32
Osaka,Asia,2026-09-06,24.27,22.6,27.4,82.75,3.9,8.42,24.31,24.31
Osaka,Asia,2026-09-07,24.65,23.8,26.5,91.17,6.0,4.08,24.39,24.39
Osaka,Asia,2026-09-08,25.24,24.7,26.1,95.12,30.1,4.9,24.56,24.56
Osaka,Asia,2026-09-09,22.93,21.6,25.1,81.38,6.3,5.1,24.29,24.29
Osaka,Asia,2026-09-10,22.81,21.1,25.9,85.67,29.3,4.59,24.08,24.08
Osaka,Asia,2026-09-11,23.8,22.3,26.2,86.54,2.4,4.09,24.22,24.04
Osaka,Asia,2026-09-12,26.45,23.4,30.6,80.21,0.0,3.36,24.31,24.31
Osaka,Asia,2026-09-13,26.08,23.0,29.5,89.21,0.5,3.1,24.57,24.49
Osaka,Asia,2026-09-14,24.87,22.5,28.6,88.71,2.8,2.93,24.6,24.52
Osaka,Asia,2026-09-15,23.57,22.1,26.6,88.17,2.4,3.42,24.36,24.44
Osaka,Asia,2026-09-16,22.02,20.9,23.6,90.21,15.8,3.3,24.23,24.26
Osaka,Asia,2026-09-17,24.77,22.1,28.3,73.46,0.0,5.55,24.51,24.29
Osaka,Asia,2026-09-18,24.78,22.4,27.9,78.67,0.0,4.4,24.65,24.33
Osaka,Asia,2026-09-19,25.75,22.4,30.2,74.67,0.1,5.18,24.55,24.42
Osaka,Asia,2026-09-20,25.34,23.3,28.1,75.83,0.6,8.51,24.44,24.47
Osaka,Asia,2026-09-21,23.43,20.3,26.5,79.21,0.1,7.78,24.24,24.41
Osaka,Asia,2026-09-22,23.39,19.8,28.2,69.88,0.0,5.88,24.21,24.36
Osaka,Asia,2026-09-23,23.88,20.9,28.5,82.08,0.1,3.64,24.48,24.33
Osaka,Asia,2026-09-24,23.34,18.9,28.1,75.5,0.0,4.2,24.27,24.29
Osaka,Asia,2026-09-25,23.64,20.7,27.7,73.25,0.9,2.95,24.11,24.26
Osaka,Asia,2026-09-26,21.09,20.7,22.1,93.83,13.4,4.19,23.44,24.12
Osaka,Asia,2026-09-27,22.15,21.3,23.1,95.75,55.2,2.97,22.99,24.04
Osaka,Asia,2026-09-28,22.79,20.6,25.0,95.5,49.6,3.38,22.9,23.99
Osaka,Asia,2026-09-29,19.55,18.7,21.0,91.04,30.0,3.82,22.35,23.82
Osaka,Asia,2026-09-30,21.83,17.5,27.0,78.33,0.0,3.86,22.06,23.74
Osaka,Asia,2026-10-01,23.1,19.7,28.2,72.33,0.0,4.27,22.02,23.72
Osaka,Asia,2026-10-02,20.24,15.6,25.4,62.83,0.0,5.62,21.54,23.6
Osaka,Asia,2026-10-03,20.95,18.8,25.4,63.83,0.0,6.71,21.52,23.51
Osaka,Asia,2026-10-04,18.63,18.1,19.7,88.92,16.9,6.43,21.01,23.37
Osaka,Asia,2026-10-05,21.73,20.1,23.9,77.83,0.3,3.66,20.86,23.24
Osaka,Asia,2026-10-06,20.76,18.0,24.2,64.29,0.0,5.89,21.03,23.12
Rio de Janeiro,South America,2026-09-04,23.24,19.3,30.1,74.04,0.0,7.44,23.24,23.24
Rio de Janeiro,South America,2026-09-05,22.16,20.7,24.6,88.17,8.7,8.48,22.7,22.7
Rio de Janeiro,South America,2026-09-06,19.49,17.1,21.3,88.71,26.4,14.42,21.63,21.63
Rio de Janeiro,South America,2026-09-07,17.1,16.2,17.8,90.42,12.3,7.93,20.5,20.5
Rio de Janeiro,South America,2026-09-08,19.33,16.9,23.1,89.62,21.0,3.98,20.26,20.26
Rio de Janeiro,South America,2026-09-09,21.19,19.7,22.8,93.88,4.5,5.19,20.42,20.42
Rio de Janeiro,South America,2026-09-10,22.86,21.3,25.8,95.62,28.6,8.72,20.77,20.77
Rio de Janeiro,South America,2026-09-11,22.82,21.1,26.2,89.21,10.2,10.38,20.71,21.02
Rio de Janeiro,South America,2026-09-12,23.83,21.9,26.0,84.42,3.6,11.47,20.95,21.34
Rio de Janeiro,South America,2026-09-13,21.04,19.6,22.5,89.42,6.2,10.8,21.17,21.31
Rio de Janeiro,South America,2026-09-14,20.05,18.8,22.8,89.88,16.5,7.03,21.59,21.19
Rio de Janeiro,South America,2026-09-15,20.35,19.1,21.8,89.38,2.8,12.32,21.73,21.12
Rio de Janeiro,South America,2026-09-16,20.0,19.0,21.6,86.04,4.2,11.03,21.56,21.04
Rio de Janeiro,South America,2026-09-17,20.06,19.0,21.6,75.67,1.2,10.54,21.16,20.97
Rio de Janeiro,South America,2026-09-18,20.22,17.9,23.2,82.58,0.3,12.56,20.79,20.92
Rio de Janeiro,South America,2026-09-19,21.51,18.9,25.7,78.38,0.5,12.22,20.46,20.95
Rio de Janeiro,South America,2026-09-20,23.01,20.2,27.2,74.96,0.0,8.75,20.74,21.07
Rio de Janeiro,South America,2026-09-21,24.39,21.0,30.4,81.0,3.4,16.25,21.36,21.26
Rio de Janeiro,South America,2026-09-22,23.87,21.8,27.4,83.25,10.8,12.55,21.87,21.4
Rio de Janeiro,South America,2026-09-23,20.15,18.8,22.4,93.5,32.8,12.76,21.89,21.33
Rio de Janeiro,South America,2026-09-24,19.74,18.4,21.7,84.46,1.1,8.49,21.84,21.26
Rio de Janeiro,South America,2026-09-25,22.41,19.6,27.0,81.42,0.0,7.31,22.15,21.31
Rio de Janeiro,South America,2026-09-26,23.37,20.6,27.9,89.25,0.0,6.11,22.42,21.4
Rio de Janeiro,South America,2026-09-27,22.39,21.4,24.3,92.12,0.5,7.04,22.33,21.44
Rio de Janeiro,South America,2026-09-28,23.34,21.6,26.5,90.75,0.4,8.62,22.18,21.52
Rio de Janeiro,South America,2026-09-29,24.84,21.8,29.0,86.75,0.0,9.08,22.32,21.64
Rio de Janeiro,South America,2026-09-30,25.78,22.2,30.7,84.62,17.4,10.47,23.12,21.8
Rio de Janeiro,South America,2026-10-01,24.16,22.3,27.8,86.67,1.9,12.38,23.76,21.88
Rio de Janeiro,South America,2026-10-02,22.05,20.6,23.9,92.71,22.7,8.86,23.7,21.89
Rio de Janeiro,South America,2026-10-03,20.32,19.6,21.4,96.0,29.7,10.66,23.27,21.84
Rio de Janeiro,South America,2026-10-04,23.6,19.7,30.2,82.46,1.0,5.63,23.44,21.85
Rio de Janeiro,South America,2026-10-05,24.48,22.5,28.7,88.25,0.6,7.1,23.6,21.92
Rio de Janeiro,South America,2026-10-06,23.82,22.2,27.0,92.54,3.6,5.07,23.46,22.07
Sapporo,Asia,2026-09-04,16.95,12.0,20.4,78.58,0.2,9.01,16.95,16.95
Sapporo,Asia,2026-09-05,16.99,11.0,22.1,77.42,0.0,5.95,16.97,16.97
Sapporo,Asia,2026-09-06,19.17,16.0,24.5,75.75,0.0,11.33,17.7,17.7
Sapporo,Asia,2026-09-07,19.18,16.5,22.2,85.33,3.0,10.88,18.07,18.07
Sapporo,Asia,2026-09-08,20.85,18.3,24.8,81.29,9.1,7.37,18.63,18.63
Sapporo,Asia,2026-09-09,15.86,9.1,20.6,68.88,0.7,11.32,18.17,18.17
Sapporo,Asia,2026-09-10,17.15,12.2,22.5,77.0,0.0,5.22,18.02,18.02
Sapporo,Asia,2026-09-11,17.18,10.5,24.1,77.0,0.0,6.77,18.05,17.92
Sapporo,Asia,2026-09-12,19.03,12.6,24.7,82.5,0.6,3.6,18.35,18.04
Sapporo,Asia,2026-09-13,20.73,19.1,24.5,82.33,0.2,13.23,18.57,18.31
Sapporo,Asia,2026-09-14,19.03,13.8,24.2,78.0,1.2,6.9,18.55,18.37
Sapporo,Asia,2026-09-15,15.66,9.0,21.0,73.58,0.0,5.99,17.81,18.15
Sapporo,Asia,2026-09-16,17.35,11.3,22.8,73.08,0.0,4.56,18.02,18.09
Sapporo,Asia,2026-09-17,18.18,11.3,24.5,75.29,0.0,3.76,18.17,18.09
Sapporo,Asia,2026-09-18,17.99,12.8,23.9,71.75,0.0,3.86,18.28,18.09
Sapporo,Asia,2026-09-19,19.22,16.8,22.0,76.17,0.1,1.91,18.31,18.16
Sapporo,Asia,2026-09-20,19.2,16.6,23.5,89.0,0.9,4.08,18.09,18.22
Sapporo,Asia,2026-09-21,19.75,16.0,24.8,83.25,0.0,6.31,18.19,18.3
Sapporo,Asia,2026-09-22,17.62,10.1,22.3,71.04,0.4,12.05,18.47,18.27
Sapporo,Asia,2026-09-23,17.15,10.9,23.4,73.83,0.0,5.81,18.44,18.21
Sapporo,Asia,2026-09-24,15.48,9.7,23.2,72.71,8.1,7.37,18.06,18.08
Sapporo,Asia,2026-09-25,13.6,7.8,19.2,72.62,0.0,5.67,17.43,17.88
Sapporo,Asia,2026-09-26,16.12,13.1,20.5,71.75,6.0,9.94,16.99,17.8
Sapporo,Asia,2026-09-27,18.12,16.5,20.4,86.75,1.3,14.62,16.83,17.82
Sapporo,Asia,2026-09-28,18.21,15.8,20.8,84.75,9.1,13.31,16.61,17.83
Sapporo,Asia,2026-09-29,15.09,11.7,18.2,79.67,3.5,11.49,16.25,17.73
Sapporo,Asia,2026-09-30,16.95,14.1,20.0,71.67,0.9,11.12,16.22,17.7
Sapporo,Asia,2026-10-01,14.31,10.9,19.4,66.71,6.9,10.41,16.06,17.58
Sapporo,Asia,2026-10-02,11.55,7.8,14.6,68.0,2.6,9.99,15.76,17.37
Sapporo,Asia,2026-10-03,10.21,4.5,14.9,79.0,0.8,7.31,14.92,17.13
Sapporo,Asia,2026-10-04,12.26,8.6,16.6,75.67,0.0,5.82,14.08,16.97
Sapporo,Asia,2026-10-05,16.13,15.1,18.0,81.21,4.7,18.82,13.79,16.94
Sapporo,Asia,2026-10-06,15.29,11.0,21.4,70.42,0.2,9.01,13.81,16.82
Sydney,Oceania,2026-09-04,17.55,13.9,22.4,60.12,0.0,7.41,17.55,17.55
Sydney,Oceania,2026-09-05,21.94,14.9,31.6,46.54,0.3,18.47,19.74,19.74
Sydney,Oceania,2026-09-06,16.81,12.0,22.3,67.0,0.0,10.0,18.77,18.77
Sydney,Oceania,2026-09-07,16.05,12.4,21.3,67.5,1.6,13.38,18.09,18.09
Sydney,Oceania,2026-09-08,13.58,9.5,17.4,71.46,0.1,9.38,17.19,17.19
Sydney,Oceania,2026-09-09,14.02,9.9,19.1,58.54,0.6,19.5,16.66,16.66
Sydney,Oceania,2026-09-10,13.16,9.5,16.2,71.21,0.0,10.79,16.16,16.16
Sydney,Oceania,2026-09-11,14.26,9.3,19.1,76.38,0.0,6.37,15.69,15.92
Sydney,Oceania,2026-09-12,15.87,11.2,19.9,80.83,0.0,8.93,14.82,15.92
Sydney,Oceania,2026-09-13,17.2,11.9,21.6,75.67,0.0,9.59,14.88,16.04
Sydney,Oceania,2026-09-14,20.55,15.2,25.3,56.0,0.0,10.77,15.52,16.45
Sydney,Oceania,2026-09-15,15.88,11.7,22.1,65.75,0.4,18.18,15.85,16.41
Sydney,Oceania,2026-09-16,13.14,9.6,15.4,49.88,0.0,20.74,15.72,16.15
Sydney,Oceania,2026-09-17,12.8,7.9,17.0,76.0,0.0,8.43,15.67,15.92
Sydney,Oceania,2026-09-18,17.48,12.1,22.8,48.21,0.0,9.64,16.13,16.02
Sydney,Oceania,2026-09-19,22.21,15.2,29.0,31.71,0.0,10.21,17.04,16.41
Sydney,Oceania,2026-09-20,24.59,20.1,29.0,25.04,0.0,12.13,18.09,16.89
Sydney,Oceania,2026-09-21,17.22,14.5,30.8,68.88,1.9,18.07,17.62,16.91
Sydney,Oceania,2026-09-22,15.6,14.3,17.9,88.62,14.8,8.83,17.58,16.84
Sydney,Oceania,2026-09-23,16.47,13.8,19.5,90.0,0.7,4.17,18.05,16.82
Sydney,Oceania,2026-09-24,18.58,15.6,21.5,85.62,0.1,11.68,18.88,16.9
Sydney,Oceania,2026-09-25,19.92,15.0,23.9,80.17,0.0,10.29,19.23,17.04
Sydney,Oceania,2026-09-26,20.62,15.2,28.5,71.79,0.7,15.6,19.0,17.2
Sydney,Oceania,2026-09-27,14.74,13.9,16.5,77.46,7.0,13.67,17.59,17.09
Sydney,Oceania,2026-09-28,14.54,10.4,17.4,76.33,0.4,7.14,17.21,16.99
Sydney,Oceania,2026-09-29,15.58,11.3,19.4,67.46,0.0,10.68,17.21,16.94
Sydney,Oceania,2026-09-30,18.88,13.2,23.3,64.5,0.0,11.68,17.55,17.01
Sydney,Oceania,2026-10-01,21.47,15.5,28.7,51.42,0.0,9.67,17.96,17.17
Sydney,Oceania,2026-10-02,19.8,17.4,23.9,82.17,8.0,7.72,17.95,17.26
Sydney,Oceania,2026-10-03,17.46,13.8,21.7,89.21,9.9,10.09,17.5,17.27
Sydney,Oceania,2026-10-04,17.44,13.9,23.7,77.04,0.3,8.67,17.88,17.26
Sydney,Oceania,2026-10-05,17.87,15.5,21.1,84.54,1.2,6.34,18.36,17.13
Sydney,Oceania,2026-10-06,19.5,14.6,26.3,58.29,2.7,17.5,18.92,17.22
São Paulo,South America,2026-09-04,20.89,16.6,28.5,62.46,0.1,7.93,20.89,20.89
São Paulo,South America,2026-09-05,17.82,15.6,22.5,89.42,11.6,7.09,19.36,19.36
São Paulo,South America,2026-09-06,13.3,11.4,15.9,89.62,7.3,11.25,17.34,17.34
São Paulo,South America,2026-09-07,11.78,10.0,14.5,86.42,3.8,10.55,15.95,15.95
São Paulo,South America,2026-09-08,15.1,11.6,20.6,88.42,8.3,6.08,15.78,15.78
São Paulo,South America,2026-09-09,18.3,15.4,23.8,90.83,13.2,6.98,16.2,16.2
São Paulo,South America,2026-09-10,18.73,17.1,21.6,91.79,17.2,7.29,16.56,16.56
São Paulo,South America,2026-09-11,20.0,15.1,26.5,82.62,14.8,12.1,16.43,16.99
São Paulo,South America,2026-09-12,18.93,17.2,23.8,91.5,45.7,5.77,16.59,17.21
São Paulo,South America,2026-09-13,15.38,14.3,16.8,91.5,9.4,8.49,16.89,17.02
São Paulo,South America,2026-09-14,14.72,13.7,17.2,92.46,28.8,7.13,17.31,16.81
São Paulo,South America,2026-09-15,15.32,11.9,20.8,89.38,10.7,4.19,17.34,16.69
São Paulo,South America,2026-09-16,15.05,12.7,19.8,85.29,1.5,6.69,16.88,16.56
São Paulo,South America,2026-09-17,14.72,12.7,18.6,86.92,0.0,10.61,16.3,16.43
São Paulo,South America,2026-09-18,16.39,13.7,22.4,86.58,0.0,8.88,15.79,16.43
São Paulo,South America,2026-09-19,19.55,15.5,26.8,81.67,1.0,8.22,15.88,16.62
São Paulo,South America,2026-09-20,19.13,17.5,23.4,88.08,11.2,9.05,16.41,16.77
São Paulo,South America,2026-09-21,22.3,18.3,28.5,71.08,1.7,12.55,17.49,17.08
São Paulo,South America,2026-09-22,19.59,17.1,22.4,82.38,19.2,10.27,18.1,17.21
São Paulo,South America,2026-09-23,14.62,13.2,16.6,88.29,7.0,10.76,18.04,17.08
São Paulo,South America,2026-09-24,15.93,12.8,20.8,84.75,0.0,7.86,18.22,17.03
São Paulo,South America,2026-09-25,19.65,15.5,25.8,83.08,0.7,6.0,18.68,17.15
São Paulo,South America,2026-09-26,22.5,16.4,31.4,74.58,0.0,5.04,19.1,17.38
São Paulo,South America,2026-09-27,22.0,17.3,30.0,71.58,0.0,7.22,19.51,17.57
São Paulo,South America,2026-09-28,21.51,17.9,31.6,78.0,0.0,7.95,19.4,17.73
São Paulo,South America,2026-09-29,24.43,18.4,32.0,69.67,0.5,9.01,20.09,17.99
São Paulo,South America,2026-09-30,24.45,19.6,31.5,67.75,1.2,8.62,21.5,18.23
São Paulo,South America,2026-10-01,21.94,18.7,25.5,79.62,8.6,9.27,22.35,18.36
São Paulo,South America,2026-10-02,17.48,15.3,19.1,88.5,2.8,7.53,22.04,18.33
São Paulo,South America,2026-10-03,17.98,14.8,24.2,82.62,8.8,8.45,21.4,18.32
São Paulo,South America,2026-10-04,20.46,17.2,25.9,83.58,3.3,12.28,21.18,18.3
São Paulo,South America,2026-10-05,20.58,16.8,28.1,85.62,3.9,5.15,21.05,18.39
São Paulo,South America,2026-10-06,20.75,18.5,25.5,87.46,15.4,8.48,20.52,18.64
Tokyo,Asia,2026-09-04,21.94,20.5,24.4,91.92,24.5,2.83,21.94,21.94
Tokyo,Asia,2026-09-05,22.37,19.4,25.4,79.83,2.4,5.07,22.16,22.16
Tokyo,Asia,2026-09-06,21.09,19.1,22.9,94.92,143.3,7.7,21.8,21.8
Tokyo,Asia,2026-09-07,22.79,22.1,23.4,96.79,11.3,2.12,22.05,22.05
Tokyo,Asia,2026-09-08,26.36,23.3,29.0,90.17,32.5,5.06,22.91,22.91
Tokyo,Asia,2026-09-09,23.24,17.9,30.7,86.62,31.2,6.7,22.96,22.96
Tokyo,Asia,2026-09-10,19.09,18.4,20.3,92.04,19.2,3.48,22.41,22.41
Tokyo,Asia,2026-09-11,19.62,18.8,20.7,96.0,24.6,3.07,22.08,22.06
Tokyo,Asia,2026-09-12,22.17,20.8,24.6,84.71,0.1,2.99,22.05,22.07
Tokyo,Asia,2026-09-13,23.75,21.8,26.6,86.92,0.0,3.63,22.43,22.24
Tokyo,Asia,2026-09-14,26.48,23.6,30.9,79.5,3.3,7.28,22.96,22.63
Tokyo,Asia,2026-09-15,23.76,21.3,27.4,91.92,11.3,3.29,22.59,22.72
Tokyo,Asia,2026-09-16,20.41,19.3,21.8,93.42,22.4,5.02,22.18,22.54
Tokyo,Asia,2026-09-17,21.27,19.0,24.9,76.21,0.0,6.74,22.49,22.45
Tokyo,Asia,2026-09-18,21.38,19.9,23.1,77.25,0.0,5.87,22.75,22.38
Tokyo,Asia,2026-09-19,21.71,21.2,22.4,92.67,8.3,4.41,22.68,22.34
Tokyo,Asia,2026-09-20,21.8,21.0,23.0,95.04,103.9,7.16,22.4,22.31
Tokyo,Asia,2026-09-21,24.09,21.3,26.4,83.42,99.9,9.83,22.06,22.41
Tokyo,Asia,2026-09-22,25.15,21.3,30.6,70.25,0.0,4.16,22.26,22.55
Tokyo,Asia,2026-09-23,19.76,19.1,21.6,94.54,9.5,3.21,22.17,22.41
Tokyo,Asia,2026-09-24,23.94,20.9,28.9,78.67,4.4,2.39,22.55,22.48
Tokyo,Asia,2026-09-25,22.82,18.8,26.7,80.21,21.7,4.36,22.75,22.5
Tokyo,Asia,2026-09-26,18.44,17.9,19.5,94.04,10.8,4.15,22.29,22.32
Tokyo,Asia,2026-09-27,21.24,20.3,23.2,88.5,2.3,2.48,22.21,22.28
Tokyo,Asia,2026-09-28,21.68,20.5,24.2,96.21,29.2,2.71,21.86,22.25
Tokyo,Asia,2026-09-29,18.98,17.6,21.6,95.29,34.5,2.29,20.98,22.13
Tokyo,Asia,2026-09-30,19.11,18.0,20.9,87.96,0.9,4.69,20.89,22.02
Tokyo,Asia,2026-10-01,23.45,20.6,28.7,77.29,0.0,4.34,20.82,22.07
Tokyo,Asia,2026-10-02,19.2,17.4,21.3,78.88,0.1,4.02,20.3,21.97
Tokyo,Asia,2026-10-03,19.09,15.7,23.4,67.71,0.0,3.8,20.39,21.87
Tokyo,Asia,2026-10-04,19.1,16.9,22.4,70.25,0.0,5.2,20.09,21.78
Tokyo,Asia,2026-10-05,20.62,18.8,22.5,77.62,0.0,4.73,19.94,21.72
Tokyo,Asia,2026-10-06,22.29,18.6,27.6,61.38,0.0,8.37,20.41,21.76
